--
-- PostgreSQL database dump
--

-- Dumped from database version 17.5
-- Dumped by pg_dump version 17.5

SET statement_timeout = 0;
SET lock_timeout = 0;
SET idle_in_transaction_session_timeout = 0;
SET transaction_timeout = 0;
SET client_encoding = 'UTF8';
SET standard_conforming_strings = on;
SELECT pg_catalog.set_config('search_path', '', false);
SET check_function_bodies = false;
SET xmloption = content;
SET client_min_messages = warning;
SET row_security = off;

--
-- Name: update_post_count(); Type: FUNCTION; Schema: public; Owner: postgres
--

CREATE FUNCTION public.update_post_count() RETURNS trigger
    LANGUAGE plpgsql
    AS $$
BEGIN
    IF TG_OP = 'INSERT' THEN
        UPDATE users
        SET post_count = post_count + 1
        WHERE id = NEW.authorid;
    
    ELSIF TG_OP = 'DELETE' THEN
        UPDATE users
        SET post_count = post_count - 1
        WHERE id = OLD.authorid;

    END IF;
    RETURN NULL;
END;
$$;


ALTER FUNCTION public.update_post_count() OWNER TO postgres;

SET default_tablespace = '';

SET default_table_access_method = heap;

--
-- Name: auth_group; Type: TABLE; Schema: public; Owner: postgres
--

CREATE TABLE public.auth_group (
    id integer NOT NULL,
    name character varying(150) NOT NULL
);


ALTER TABLE public.auth_group OWNER TO postgres;

--
-- Name: auth_group_id_seq; Type: SEQUENCE; Schema: public; Owner: postgres
--

ALTER TABLE public.auth_group ALTER COLUMN id ADD GENERATED BY DEFAULT AS IDENTITY (
    SEQUENCE NAME public.auth_group_id_seq
    START WITH 1
    INCREMENT BY 1
    NO MINVALUE
    NO MAXVALUE
    CACHE 1
);


--
-- Name: auth_group_permissions; Type: TABLE; Schema: public; Owner: postgres
--

CREATE TABLE public.auth_group_permissions (
    id bigint NOT NULL,
    group_id integer NOT NULL,
    permission_id integer NOT NULL
);


ALTER TABLE public.auth_group_permissions OWNER TO postgres;

--
-- Name: auth_group_permissions_id_seq; Type: SEQUENCE; Schema: public; Owner: postgres
--

ALTER TABLE public.auth_group_permissions ALTER COLUMN id ADD GENERATED BY DEFAULT AS IDENTITY (
    SEQUENCE NAME public.auth_group_permissions_id_seq
    START WITH 1
    INCREMENT BY 1
    NO MINVALUE
    NO MAXVALUE
    CACHE 1
);


--
-- Name: auth_permission; Type: TABLE; Schema: public; Owner: postgres
--

CREATE TABLE public.auth_permission (
    id integer NOT NULL,
    name character varying(255) NOT NULL,
    content_type_id integer NOT NULL,
    codename character varying(100) NOT NULL
);


ALTER TABLE public.auth_permission OWNER TO postgres;

--
-- Name: auth_permission_id_seq; Type: SEQUENCE; Schema: public; Owner: postgres
--

ALTER TABLE public.auth_permission ALTER COLUMN id ADD GENERATED BY DEFAULT AS IDENTITY (
    SEQUENCE NAME public.auth_permission_id_seq
    START WITH 1
    INCREMENT BY 1
    NO MINVALUE
    NO MAXVALUE
    CACHE 1
);


--
-- Name: auth_user; Type: TABLE; Schema: public; Owner: postgres
--

CREATE TABLE public.auth_user (
    id integer NOT NULL,
    password character varying(128) NOT NULL,
    last_login timestamp with time zone,
    is_superuser boolean NOT NULL,
    username character varying(150) NOT NULL,
    first_name character varying(150) NOT NULL,
    last_name character varying(150) NOT NULL,
    email character varying(254) NOT NULL,
    is_staff boolean NOT NULL,
    is_active boolean NOT NULL,
    date_joined timestamp with time zone NOT NULL
);


ALTER TABLE public.auth_user OWNER TO postgres;

--
-- Name: auth_user_groups; Type: TABLE; Schema: public; Owner: postgres
--

CREATE TABLE public.auth_user_groups (
    id bigint NOT NULL,
    user_id integer NOT NULL,
    group_id integer NOT NULL
);


ALTER TABLE public.auth_user_groups OWNER TO postgres;

--
-- Name: auth_user_groups_id_seq; Type: SEQUENCE; Schema: public; Owner: postgres
--

ALTER TABLE public.auth_user_groups ALTER COLUMN id ADD GENERATED BY DEFAULT AS IDENTITY (
    SEQUENCE NAME public.auth_user_groups_id_seq
    START WITH 1
    INCREMENT BY 1
    NO MINVALUE
    NO MAXVALUE
    CACHE 1
);


--
-- Name: auth_user_id_seq; Type: SEQUENCE; Schema: public; Owner: postgres
--

ALTER TABLE public.auth_user ALTER COLUMN id ADD GENERATED BY DEFAULT AS IDENTITY (
    SEQUENCE NAME public.auth_user_id_seq
    START WITH 1
    INCREMENT BY 1
    NO MINVALUE
    NO MAXVALUE
    CACHE 1
);


--
-- Name: auth_user_user_permissions; Type: TABLE; Schema: public; Owner: postgres
--

CREATE TABLE public.auth_user_user_permissions (
    id bigint NOT NULL,
    user_id integer NOT NULL,
    permission_id integer NOT NULL
);


ALTER TABLE public.auth_user_user_permissions OWNER TO postgres;

--
-- Name: auth_user_user_permissions_id_seq; Type: SEQUENCE; Schema: public; Owner: postgres
--

ALTER TABLE public.auth_user_user_permissions ALTER COLUMN id ADD GENERATED BY DEFAULT AS IDENTITY (
    SEQUENCE NAME public.auth_user_user_permissions_id_seq
    START WITH 1
    INCREMENT BY 1
    NO MINVALUE
    NO MAXVALUE
    CACHE 1
);


--
-- Name: captcha_captchastore; Type: TABLE; Schema: public; Owner: postgres
--

CREATE TABLE public.captcha_captchastore (
    id integer NOT NULL,
    challenge character varying(32) NOT NULL,
    response character varying(32) NOT NULL,
    hashkey character varying(40) NOT NULL,
    expiration timestamp with time zone NOT NULL
);


ALTER TABLE public.captcha_captchastore OWNER TO postgres;

--
-- Name: captcha_captchastore_id_seq; Type: SEQUENCE; Schema: public; Owner: postgres
--

ALTER TABLE public.captcha_captchastore ALTER COLUMN id ADD GENERATED BY DEFAULT AS IDENTITY (
    SEQUENCE NAME public.captcha_captchastore_id_seq
    START WITH 1
    INCREMENT BY 1
    NO MINVALUE
    NO MAXVALUE
    CACHE 1
);


--
-- Name: django_admin_log; Type: TABLE; Schema: public; Owner: postgres
--

CREATE TABLE public.django_admin_log (
    id integer NOT NULL,
    action_time timestamp with time zone NOT NULL,
    object_id text,
    object_repr character varying(200) NOT NULL,
    action_flag smallint NOT NULL,
    change_message text NOT NULL,
    content_type_id integer,
    user_id integer NOT NULL,
    CONSTRAINT django_admin_log_action_flag_check CHECK ((action_flag >= 0))
);


ALTER TABLE public.django_admin_log OWNER TO postgres;

--
-- Name: django_admin_log_id_seq; Type: SEQUENCE; Schema: public; Owner: postgres
--

ALTER TABLE public.django_admin_log ALTER COLUMN id ADD GENERATED BY DEFAULT AS IDENTITY (
    SEQUENCE NAME public.django_admin_log_id_seq
    START WITH 1
    INCREMENT BY 1
    NO MINVALUE
    NO MAXVALUE
    CACHE 1
);


--
-- Name: django_content_type; Type: TABLE; Schema: public; Owner: postgres
--

CREATE TABLE public.django_content_type (
    id integer NOT NULL,
    app_label character varying(100) NOT NULL,
    model character varying(100) NOT NULL
);


ALTER TABLE public.django_content_type OWNER TO postgres;

--
-- Name: django_content_type_id_seq; Type: SEQUENCE; Schema: public; Owner: postgres
--

ALTER TABLE public.django_content_type ALTER COLUMN id ADD GENERATED BY DEFAULT AS IDENTITY (
    SEQUENCE NAME public.django_content_type_id_seq
    START WITH 1
    INCREMENT BY 1
    NO MINVALUE
    NO MAXVALUE
    CACHE 1
);


--
-- Name: django_migrations; Type: TABLE; Schema: public; Owner: postgres
--

CREATE TABLE public.django_migrations (
    id bigint NOT NULL,
    app character varying(255) NOT NULL,
    name character varying(255) NOT NULL,
    applied timestamp with time zone NOT NULL
);


ALTER TABLE public.django_migrations OWNER TO postgres;

--
-- Name: django_migrations_id_seq; Type: SEQUENCE; Schema: public; Owner: postgres
--

ALTER TABLE public.django_migrations ALTER COLUMN id ADD GENERATED BY DEFAULT AS IDENTITY (
    SEQUENCE NAME public.django_migrations_id_seq
    START WITH 1
    INCREMENT BY 1
    NO MINVALUE
    NO MAXVALUE
    CACHE 1
);


--
-- Name: django_session; Type: TABLE; Schema: public; Owner: postgres
--

CREATE TABLE public.django_session (
    session_key character varying(40) NOT NULL,
    session_data text NOT NULL,
    expire_date timestamp with time zone NOT NULL
);


ALTER TABLE public.django_session OWNER TO postgres;

--
-- Name: orders; Type: TABLE; Schema: public; Owner: postgres
--

CREATE TABLE public.orders (
    id bigint NOT NULL,
    productid bigint NOT NULL,
    customerid integer NOT NULL,
    order_time timestamp with time zone,
    quantity integer NOT NULL
);


ALTER TABLE public.orders OWNER TO postgres;

--
-- Name: orders_id_seq; Type: SEQUENCE; Schema: public; Owner: postgres
--

ALTER TABLE public.orders ALTER COLUMN id ADD GENERATED BY DEFAULT AS IDENTITY (
    SEQUENCE NAME public.orders_id_seq
    START WITH 1
    INCREMENT BY 1
    NO MINVALUE
    NO MAXVALUE
    CACHE 1
);


--
-- Name: products; Type: TABLE; Schema: public; Owner: postgres
--

CREATE TABLE public.products (
    id bigint NOT NULL,
    name character varying(100) NOT NULL,
    price integer NOT NULL
);


ALTER TABLE public.products OWNER TO postgres;

--
-- Name: products_id_seq; Type: SEQUENCE; Schema: public; Owner: postgres
--

ALTER TABLE public.products ALTER COLUMN id ADD GENERATED BY DEFAULT AS IDENTITY (
    SEQUENCE NAME public.products_id_seq
    START WITH 1
    INCREMENT BY 1
    NO MINVALUE
    NO MAXVALUE
    CACHE 1
);


--
-- Data for Name: auth_group; Type: TABLE DATA; Schema: public; Owner: postgres
--

COPY public.auth_group (id, name) FROM stdin;
\.


--
-- Data for Name: auth_group_permissions; Type: TABLE DATA; Schema: public; Owner: postgres
--

COPY public.auth_group_permissions (id, group_id, permission_id) FROM stdin;
\.


--
-- Data for Name: auth_permission; Type: TABLE DATA; Schema: public; Owner: postgres
--

COPY public.auth_permission (id, name, content_type_id, codename) FROM stdin;
1	Can add log entry	1	add_logentry
2	Can change log entry	1	change_logentry
3	Can delete log entry	1	delete_logentry
4	Can view log entry	1	view_logentry
5	Can add permission	2	add_permission
6	Can change permission	2	change_permission
7	Can delete permission	2	delete_permission
8	Can view permission	2	view_permission
9	Can add group	3	add_group
10	Can change group	3	change_group
11	Can delete group	3	delete_group
12	Can view group	3	view_group
13	Can add user	4	add_user
14	Can change user	4	change_user
15	Can delete user	4	delete_user
16	Can view user	4	view_user
17	Can add content type	5	add_contenttype
18	Can change content type	5	change_contenttype
19	Can delete content type	5	delete_contenttype
20	Can view content type	5	view_contenttype
21	Can add session	6	add_session
22	Can change session	6	change_session
23	Can delete session	6	delete_session
24	Can view session	6	view_session
25	Can add pizza	7	add_pizza
26	Can change pizza	7	change_pizza
27	Can delete pizza	7	delete_pizza
28	Can view pizza	7	view_pizza
29	Can add captcha store	10	add_captchastore
30	Can change captcha store	10	change_captchastore
31	Can delete captcha store	10	delete_captchastore
32	Can view captcha store	10	view_captchastore
33	Can add orders	11	add_orders
34	Can change orders	11	change_orders
35	Can delete orders	11	delete_orders
36	Can view orders	11	view_orders
37	Can add products	9	add_products
38	Can change products	9	change_products
39	Can delete products	9	delete_products
40	Can view products	9	view_products
\.


--
-- Data for Name: auth_user; Type: TABLE DATA; Schema: public; Owner: postgres
--

COPY public.auth_user (id, password, last_login, is_superuser, username, first_name, last_name, email, is_staff, is_active, date_joined) FROM stdin;
2	pbkdf2_sha256$1000000$NRBQyWoDrI5s20p6bnb2iu$PXGTe7d7eqypCB4pLc3p72cvUs8UBZ+kwWfSXfhyvK4=	2025-07-15 17:10:19.090132+07	f	j				f	t	2025-07-15 16:50:52.751731+07
6	pbkdf2_sha256$1000000$YJ2VIPG5USEyCIJfnqI6po$NbY3uLJ2isaXNv4/b8hmrIKbrG7+l0hB7qhzIDLvHbE=	\N	f	trungngu				f	t	2025-08-07 16:44:32.677789+07
8	pbkdf2_sha256$1000000$pIvsfnA2jQhcKzzi3uB6xI$KNOGrM9pP2av6gVrRvMNg5SJYcP9fpk7VYYbifXqJ7A=	2025-08-07 16:45:17.062504+07	f	trungngunhat				f	t	2025-08-07 16:45:06.579571+07
3	pbkdf2_sha256$1000000$EK7u1D56RRDRO64psez93q$ypT5CLTP0ZSgiQsAzricURx8/QjkFqgYWdJxg3HQUng=	2025-07-28 15:50:46.634977+07	f	tru				f	t	2025-07-28 13:50:42.80641+07
4	pbkdf2_sha256$1000000$GY93y6TRtzzzndDehAJpDQ$1XDvj7SAsKlxm75RZHufWgiEcoJtEzY2FqSwu+lUc6E=	2025-07-28 16:31:56.093075+07	f	tr				f	t	2025-07-28 16:31:49.85855+07
1	pbkdf2_sha256$1000000$UCpzkxFK8IPVRnlfTkQ39U$2Hk9hQ3a97l+efn4+A2DFR9qjsEeL6l3z8eTtoyJs28=	2025-08-08 14:13:56.631047+07	t	trunh			trungpho2006@gmail.com	t	t	2025-07-14 14:20:47.697802+07
5	pbkdf2_sha256$1000000$dOmtoG0D5MhesMbLFchhQ5$Q5w4egWFqIxaSp9wKJaR0v0rVkN+nR62I+XbhWCyeMs=	2025-08-08 14:30:58.389431+07	f	haha				f	t	2025-08-07 14:13:25.853063+07
\.


--
-- Data for Name: auth_user_groups; Type: TABLE DATA; Schema: public; Owner: postgres
--

COPY public.auth_user_groups (id, user_id, group_id) FROM stdin;
\.


--
-- Data for Name: auth_user_user_permissions; Type: TABLE DATA; Schema: public; Owner: postgres
--

COPY public.auth_user_user_permissions (id, user_id, permission_id) FROM stdin;
\.


--
-- Data for Name: captcha_captchastore; Type: TABLE DATA; Schema: public; Owner: postgres
--

COPY public.captcha_captchastore (id, challenge, response, hashkey, expiration) FROM stdin;
1	WQCH	wqch	81971cb8086e92e579555e5c9a74dd2205dd5dd3	2025-07-14 16:58:53.212387+07
2	THSM	thsm	6d839cdfd62c5e511f6237751d3ee369f222726c	2025-07-14 16:59:02.894742+07
3	ETCB	etcb	7579b38eb6cab316e7b847bf6d58f7bd2cb29506	2025-07-14 17:00:22.523004+07
4	VDGB	vdgb	f493ee83fe7fe90f70b2a27b3ce748f391a158f8	2025-07-14 17:02:00.665339+07
5	GSAH	gsah	c3fd5040a80f3df7826d0e8a11f97fb5f4b66fc7	2025-07-14 17:02:20.959445+07
6	YMTP	ymtp	1f862e8966dd33c5861c0c64192906b637fa1794	2025-07-14 17:02:31.247967+07
7	UOTY	uoty	b29f19cfbf4b302b0f8506120decafa790c19e0d	2025-07-14 17:03:55.689685+07
8	FUYP	fuyp	36e0a338d69b8d44079f29ecf63f8de5d48cc676	2025-07-14 17:05:25.683594+07
9	RUVI	ruvi	e7b4be9efe93204828971aae8e4a1cf2067cfef6	2025-07-14 17:05:38.119828+07
\.


--
-- Data for Name: django_admin_log; Type: TABLE DATA; Schema: public; Owner: postgres
--

COPY public.django_admin_log (id, action_time, object_id, object_repr, action_flag, change_message, content_type_id, user_id) FROM stdin;
1	2025-07-14 14:21:46.759077+07	1	Users object (1)	1	[{"added": {}}]	8	1
2	2025-07-14 15:04:39.019338+07	1	Products object (1)	1	[{"added": {}}]	9	1
3	2025-07-14 15:04:47.251867+07	2	Products object (2)	1	[{"added": {}}]	9	1
4	2025-07-14 15:04:57.689408+07	3	Products object (3)	1	[{"added": {}}]	9	1
5	2025-07-14 15:05:07.467324+07	4	Products object (4)	1	[{"added": {}}]	9	1
6	2025-07-14 15:05:37.464984+07	1	Products object (1)	2	[]	9	1
7	2025-07-14 15:05:42.981031+07	2	Products object (2)	2	[{"changed": {"fields": ["Price"]}}]	9	1
8	2025-07-14 15:05:46.564147+07	1	Products object (1)	2	[{"changed": {"fields": ["Price"]}}]	9	1
9	2025-07-14 15:05:49.052622+07	2	Products object (2)	2	[]	9	1
10	2025-07-14 15:05:51.363844+07	3	Products object (3)	2	[]	9	1
11	2025-07-14 15:05:54.613827+07	4	Products object (4)	2	[{"changed": {"fields": ["Price"]}}]	9	1
12	2025-07-14 15:05:56.408897+07	1	Products object (1)	2	[]	9	1
13	2025-07-14 15:20:05.034026+07	1	Users object (1)	3		8	1
14	2025-07-14 15:25:25.07639+07	2	Users object (2)	2	[]	8	1
15	2025-07-14 15:25:28.680801+07	2	Users object (2)	2	[]	8	1
16	2025-07-14 15:50:59.059313+07	1	Products object (1)	2	[{"changed": {"fields": ["Name"]}}]	9	1
17	2025-07-14 15:51:04.04231+07	2	Products object (2)	2	[{"changed": {"fields": ["Name"]}}]	9	1
18	2025-07-14 15:51:08.192194+07	3	Products object (3)	2	[{"changed": {"fields": ["Name"]}}]	9	1
19	2025-07-14 15:51:12.474947+07	4	Products object (4)	2	[{"changed": {"fields": ["Name"]}}]	9	1
20	2025-07-28 15:54:18.519526+07	1	Products object (1)	1	[{"added": {}}]	9	1
21	2025-07-28 15:54:47.749011+07	1	Products object (1)	2	[]	9	1
22	2025-07-28 15:54:53.80259+07	1	Products object (1)	2	[]	9	1
23	2025-07-28 15:55:08.551407+07	2	Products object (2)	1	[{"added": {}}]	9	1
24	2025-07-28 15:55:15.649974+07	3	Products object (3)	1	[{"added": {}}]	9	1
25	2025-07-28 15:55:21.533787+07	4	Products object (4)	1	[{"added": {}}]	9	1
\.


--
-- Data for Name: django_content_type; Type: TABLE DATA; Schema: public; Owner: postgres
--

COPY public.django_content_type (id, app_label, model) FROM stdin;
1	admin	logentry
2	auth	permission
3	auth	group
4	auth	user
5	contenttypes	contenttype
6	sessions	session
7	dishes	pizza
8	dishes	users
9	dishes	products
10	captcha	captchastore
11	dishes	orders
\.


--
-- Data for Name: django_migrations; Type: TABLE DATA; Schema: public; Owner: postgres
--

COPY public.django_migrations (id, app, name, applied) FROM stdin;
1	contenttypes	0001_initial	2025-07-14 14:16:16.160216+07
2	auth	0001_initial	2025-07-14 14:16:16.238321+07
3	admin	0001_initial	2025-07-14 14:16:16.253943+07
4	admin	0002_logentry_remove_auto_add	2025-07-14 14:16:16.269599+07
5	admin	0003_logentry_add_action_flag_choices	2025-07-14 14:16:16.269599+07
6	contenttypes	0002_remove_content_type_name	2025-07-14 14:16:16.285186+07
7	auth	0002_alter_permission_name_max_length	2025-07-14 14:16:16.300807+07
8	auth	0003_alter_user_email_max_length	2025-07-14 14:16:16.300807+07
9	auth	0004_alter_user_username_opts	2025-07-14 14:16:16.300807+07
10	auth	0005_alter_user_last_login_null	2025-07-14 14:16:16.316429+07
11	auth	0006_require_contenttypes_0002	2025-07-14 14:16:16.316429+07
12	auth	0007_alter_validators_add_error_messages	2025-07-14 14:16:16.33205+07
13	auth	0008_alter_user_username_max_length	2025-07-14 14:16:16.33205+07
14	auth	0009_alter_user_last_name_max_length	2025-07-14 14:16:16.347672+07
15	auth	0010_alter_group_name_max_length	2025-07-14 14:16:16.363293+07
16	auth	0011_update_proxy_permissions	2025-07-14 14:16:16.363293+07
17	auth	0012_alter_user_first_name_max_length	2025-07-14 14:16:16.363293+07
18	dishes	0001_initial	2025-07-14 14:16:16.378914+07
19	sessions	0001_initial	2025-07-14 14:16:16.394536+07
20	captcha	0001_initial	2025-07-14 16:52:51.022073+07
21	captcha	0002_alter_captchastore_id	2025-07-14 16:52:51.022073+07
22	dishes	0002_orders_products_users_delete_pizza_orders_productid_and_more	2025-07-28 15:44:49.670918+07
23	dishes	0003_remove_orders_customerid_and_more	2025-07-28 15:50:27.343801+07
\.


--
-- Data for Name: django_session; Type: TABLE DATA; Schema: public; Owner: postgres
--

COPY public.django_session (session_key, session_data, expire_date) FROM stdin;
7v5jt1a66ik2236pyc72stns96y82nfz	.eJxVjEsOAiEQBe_C2hCazwgu3c8ZSNMNMmogmc_KeHedZBa6fVX1XiLitta4LXmOE4uLAHH63RLSI7cd8B3brUvqbZ2nJHdFHnSRY-f8vB7u30HFpX5rZxmch6AYSScqDGoANKSNQ-udPyswasiBwbAamIInq7lgCNoXj0q8P82iN2Y:1ujwW4:NMLbql4Ipzg4KhRwe9jTAJqV7UoPoaK9DD5ZDOGi2m0	2025-08-21 16:02:28.426939+07
q4p0goy4n3b13qo4onij4g1u1pz6op0n	.eJxVjEsOAiEQBe_C2hCazwgu3c8ZSNMNMmogmc_KeHedZBa6fVX1XiLitta4LXmOE4uLAHH63RLSI7cd8B3brUvqbZ2nJHdFHnSRY-f8vB7u30HFpX5rZxmch6AYSScqDGoANKSNQ-udPyswasiBwbAamIInq7lgCNoXj0q8P82iN2Y:1ujwWi:IrpEYSnRXdwLQy57-MuKwFgJs15kW_kjjD4y-PlCFQw	2025-08-21 16:03:08.483712+07
1yfgbruml6zwgze087vp74akxkkl65vn	.eJxVjEsOAiEQBe_C2hCazwgu3c8ZSNMNMmogmc_KeHedZBa6fVX1XiLitta4LXmOE4uLAHH63RLSI7cd8B3brUvqbZ2nJHdFHnSRY-f8vB7u30HFpX5rZxmch6AYSScqDGoANKSNQ-udPyswasiBwbAamIInq7lgCNoXj0q8P82iN2Y:1ujwWj:6r73_Ud2lq1dUeN6s_dQ89y8c4_klmGs6eZEf17wBhU	2025-08-21 16:03:09.449627+07
w77d8tpae8sqjxhu8efjd6n8na31z9ed	.eJxVjEsOAiEQBe_C2hCazwgu3c8ZSNMNMmogmc_KeHedZBa6fVX1XiLitta4LXmOE4uLAHH63RLSI7cd8B3brUvqbZ2nJHdFHnSRY-f8vB7u30HFpX5rZxmch6AYSScqDGoANKSNQ-udPyswasiBwbAamIInq7lgCNoXj0q8P82iN2Y:1ujxCR:zFtpU5B1laXq5rod6faO4vhta5jvyDcUngWsnXFR7kU	2025-08-21 16:46:15.823865+07
3b0bqvq6y6gpbm1vsw4y29q6wdmr296w	.eJxVjEEOwiAQRe_C2hBmCrS4dO8ZCMyAVA0kpV0Z765NutDtf-_9l_BhW4vfelr8zOIsjDj9bjHQI9Ud8D3UW5PU6rrMUe6KPGiX18bpeTncv4MSevnW1g1Za3BDVJkQNI4BabQakaNFN8EAkK0OmhVmA5MiJOKsknXZGgfi_QG2Ajbc:1ukHZ4:hPVMKPv2xBR531Fh6vf7vlz7LF41jRG9kuzTQlPNFvY	2025-08-22 14:30:58.389431+07
\.


--
-- Data for Name: orders; Type: TABLE DATA; Schema: public; Owner: postgres
--

COPY public.orders (id, productid, customerid, order_time, quantity) FROM stdin;
\.


--
-- Data for Name: products; Type: TABLE DATA; Schema: public; Owner: postgres
--

COPY public.products (id, name, price) FROM stdin;
1	Cheese Pizza (9 inches)	155000
2	Pepperoni Pizza (9 inches)	175000
3	Hawaiian Pizza (9 inches)	205000
4	Veggie Pizza (9 inch)	155000
\.


--
-- Name: auth_group_id_seq; Type: SEQUENCE SET; Schema: public; Owner: postgres
--

SELECT pg_catalog.setval('public.auth_group_id_seq', 1, false);


--
-- Name: auth_group_permissions_id_seq; Type: SEQUENCE SET; Schema: public; Owner: postgres
--

SELECT pg_catalog.setval('public.auth_group_permissions_id_seq', 1, false);


--
-- Name: auth_permission_id_seq; Type: SEQUENCE SET; Schema: public; Owner: postgres
--

SELECT pg_catalog.setval('public.auth_permission_id_seq', 40, true);


--
-- Name: auth_user_groups_id_seq; Type: SEQUENCE SET; Schema: public; Owner: postgres
--

SELECT pg_catalog.setval('public.auth_user_groups_id_seq', 1, false);


--
-- Name: auth_user_id_seq; Type: SEQUENCE SET; Schema: public; Owner: postgres
--

SELECT pg_catalog.setval('public.auth_user_id_seq', 8, true);


--
-- Name: auth_user_user_permissions_id_seq; Type: SEQUENCE SET; Schema: public; Owner: postgres
--

SELECT pg_catalog.setval('public.auth_user_user_permissions_id_seq', 1, false);


--
-- Name: captcha_captchastore_id_seq; Type: SEQUENCE SET; Schema: public; Owner: postgres
--

SELECT pg_catalog.setval('public.captcha_captchastore_id_seq', 9, true);


--
-- Name: django_admin_log_id_seq; Type: SEQUENCE SET; Schema: public; Owner: postgres
--

SELECT pg_catalog.setval('public.django_admin_log_id_seq', 25, true);


--
-- Name: django_content_type_id_seq; Type: SEQUENCE SET; Schema: public; Owner: postgres
--

SELECT pg_catalog.setval('public.django_content_type_id_seq', 11, true);


--
-- Name: django_migrations_id_seq; Type: SEQUENCE SET; Schema: public; Owner: postgres
--

SELECT pg_catalog.setval('public.django_migrations_id_seq', 23, true);


--
-- Name: orders_id_seq; Type: SEQUENCE SET; Schema: public; Owner: postgres
--

SELECT pg_catalog.setval('public.orders_id_seq', 30, true);


--
-- Name: products_id_seq; Type: SEQUENCE SET; Schema: public; Owner: postgres
--

SELECT pg_catalog.setval('public.products_id_seq', 4, true);


--
-- Name: auth_group auth_group_name_key; Type: CONSTRAINT; Schema: public; Owner: postgres
--

ALTER TABLE ONLY public.auth_group
    ADD CONSTRAINT auth_group_name_key UNIQUE (name);


--
-- Name: auth_group_permissions auth_group_permissions_group_id_permission_id_0cd325b0_uniq; Type: CONSTRAINT; Schema: public; Owner: postgres
--

ALTER TABLE ONLY public.auth_group_permissions
    ADD CONSTRAINT auth_group_permissions_group_id_permission_id_0cd325b0_uniq UNIQUE (group_id, permission_id);


--
-- Name: auth_group_permissions auth_group_permissions_pkey; Type: CONSTRAINT; Schema: public; Owner: postgres
--

ALTER TABLE ONLY public.auth_group_permissions
    ADD CONSTRAINT auth_group_permissions_pkey PRIMARY KEY (id);


--
-- Name: auth_group auth_group_pkey; Type: CONSTRAINT; Schema: public; Owner: postgres
--

ALTER TABLE ONLY public.auth_group
    ADD CONSTRAINT auth_group_pkey PRIMARY KEY (id);


--
-- Name: auth_permission auth_permission_content_type_id_codename_01ab375a_uniq; Type: CONSTRAINT; Schema: public; Owner: postgres
--

ALTER TABLE ONLY public.auth_permission
    ADD CONSTRAINT auth_permission_content_type_id_codename_01ab375a_uniq UNIQUE (content_type_id, codename);


--
-- Name: auth_permission auth_permission_pkey; Type: CONSTRAINT; Schema: public; Owner: postgres
--

ALTER TABLE ONLY public.auth_permission
    ADD CONSTRAINT auth_permission_pkey PRIMARY KEY (id);


--
-- Name: auth_user_groups auth_user_groups_pkey; Type: CONSTRAINT; Schema: public; Owner: postgres
--

ALTER TABLE ONLY public.auth_user_groups
    ADD CONSTRAINT auth_user_groups_pkey PRIMARY KEY (id);


--
-- Name: auth_user_groups auth_user_groups_user_id_group_id_94350c0c_uniq; Type: CONSTRAINT; Schema: public; Owner: postgres
--

ALTER TABLE ONLY public.auth_user_groups
    ADD CONSTRAINT auth_user_groups_user_id_group_id_94350c0c_uniq UNIQUE (user_id, group_id);


--
-- Name: auth_user auth_user_pkey; Type: CONSTRAINT; Schema: public; Owner: postgres
--

ALTER TABLE ONLY public.auth_user
    ADD CONSTRAINT auth_user_pkey PRIMARY KEY (id);


--
-- Name: auth_user_user_permissions auth_user_user_permissions_pkey; Type: CONSTRAINT; Schema: public; Owner: postgres
--

ALTER TABLE ONLY public.auth_user_user_permissions
    ADD CONSTRAINT auth_user_user_permissions_pkey PRIMARY KEY (id);


--
-- Name: auth_user_user_permissions auth_user_user_permissions_user_id_permission_id_14a6b632_uniq; Type: CONSTRAINT; Schema: public; Owner: postgres
--

ALTER TABLE ONLY public.auth_user_user_permissions
    ADD CONSTRAINT auth_user_user_permissions_user_id_permission_id_14a6b632_uniq UNIQUE (user_id, permission_id);


--
-- Name: auth_user auth_user_username_key; Type: CONSTRAINT; Schema: public; Owner: postgres
--

ALTER TABLE ONLY public.auth_user
    ADD CONSTRAINT auth_user_username_key UNIQUE (username);


--
-- Name: captcha_captchastore captcha_captchastore_hashkey_key; Type: CONSTRAINT; Schema: public; Owner: postgres
--

ALTER TABLE ONLY public.captcha_captchastore
    ADD CONSTRAINT captcha_captchastore_hashkey_key UNIQUE (hashkey);


--
-- Name: captcha_captchastore captcha_captchastore_pkey; Type: CONSTRAINT; Schema: public; Owner: postgres
--

ALTER TABLE ONLY public.captcha_captchastore
    ADD CONSTRAINT captcha_captchastore_pkey PRIMARY KEY (id);


--
-- Name: django_admin_log django_admin_log_pkey; Type: CONSTRAINT; Schema: public; Owner: postgres
--

ALTER TABLE ONLY public.django_admin_log
    ADD CONSTRAINT django_admin_log_pkey PRIMARY KEY (id);


--
-- Name: django_content_type django_content_type_app_label_model_76bd3d3b_uniq; Type: CONSTRAINT; Schema: public; Owner: postgres
--

ALTER TABLE ONLY public.django_content_type
    ADD CONSTRAINT django_content_type_app_label_model_76bd3d3b_uniq UNIQUE (app_label, model);


--
-- Name: django_content_type django_content_type_pkey; Type: CONSTRAINT; Schema: public; Owner: postgres
--

ALTER TABLE ONLY public.django_content_type
    ADD CONSTRAINT django_content_type_pkey PRIMARY KEY (id);


--
-- Name: django_migrations django_migrations_pkey; Type: CONSTRAINT; Schema: public; Owner: postgres
--

ALTER TABLE ONLY public.django_migrations
    ADD CONSTRAINT django_migrations_pkey PRIMARY KEY (id);


--
-- Name: django_session django_session_pkey; Type: CONSTRAINT; Schema: public; Owner: postgres
--

ALTER TABLE ONLY public.django_session
    ADD CONSTRAINT django_session_pkey PRIMARY KEY (session_key);


--
-- Name: orders orders_pkey; Type: CONSTRAINT; Schema: public; Owner: postgres
--

ALTER TABLE ONLY public.orders
    ADD CONSTRAINT orders_pkey PRIMARY KEY (id);


--
-- Name: products products_pkey; Type: CONSTRAINT; Schema: public; Owner: postgres
--

ALTER TABLE ONLY public.products
    ADD CONSTRAINT products_pkey PRIMARY KEY (id);


--
-- Name: auth_group_name_a6ea08ec_like; Type: INDEX; Schema: public; Owner: postgres
--

CREATE INDEX auth_group_name_a6ea08ec_like ON public.auth_group USING btree (name varchar_pattern_ops);


--
-- Name: auth_group_permissions_group_id_b120cbf9; Type: INDEX; Schema: public; Owner: postgres
--

CREATE INDEX auth_group_permissions_group_id_b120cbf9 ON public.auth_group_permissions USING btree (group_id);


--
-- Name: auth_group_permissions_permission_id_84c5c92e; Type: INDEX; Schema: public; Owner: postgres
--

CREATE INDEX auth_group_permissions_permission_id_84c5c92e ON public.auth_group_permissions USING btree (permission_id);


--
-- Name: auth_permission_content_type_id_2f476e4b; Type: INDEX; Schema: public; Owner: postgres
--

CREATE INDEX auth_permission_content_type_id_2f476e4b ON public.auth_permission USING btree (content_type_id);


--
-- Name: auth_user_groups_group_id_97559544; Type: INDEX; Schema: public; Owner: postgres
--

CREATE INDEX auth_user_groups_group_id_97559544 ON public.auth_user_groups USING btree (group_id);


--
-- Name: auth_user_groups_user_id_6a12ed8b; Type: INDEX; Schema: public; Owner: postgres
--

CREATE INDEX auth_user_groups_user_id_6a12ed8b ON public.auth_user_groups USING btree (user_id);


--
-- Name: auth_user_user_permissions_permission_id_1fbb5f2c; Type: INDEX; Schema: public; Owner: postgres
--

CREATE INDEX auth_user_user_permissions_permission_id_1fbb5f2c ON public.auth_user_user_permissions USING btree (permission_id);


--
-- Name: auth_user_user_permissions_user_id_a95ead1b; Type: INDEX; Schema: public; Owner: postgres
--

CREATE INDEX auth_user_user_permissions_user_id_a95ead1b ON public.auth_user_user_permissions USING btree (user_id);


--
-- Name: auth_user_username_6821ab7c_like; Type: INDEX; Schema: public; Owner: postgres
--

CREATE INDEX auth_user_username_6821ab7c_like ON public.auth_user USING btree (username varchar_pattern_ops);


--
-- Name: captcha_captchastore_hashkey_cbe8d15a_like; Type: INDEX; Schema: public; Owner: postgres
--

CREATE INDEX captcha_captchastore_hashkey_cbe8d15a_like ON public.captcha_captchastore USING btree (hashkey varchar_pattern_ops);


--
-- Name: django_admin_log_content_type_id_c4bce8eb; Type: INDEX; Schema: public; Owner: postgres
--

CREATE INDEX django_admin_log_content_type_id_c4bce8eb ON public.django_admin_log USING btree (content_type_id);


--
-- Name: django_admin_log_user_id_c564eba6; Type: INDEX; Schema: public; Owner: postgres
--

CREATE INDEX django_admin_log_user_id_c564eba6 ON public.django_admin_log USING btree (user_id);


--
-- Name: django_session_expire_date_a5c62663; Type: INDEX; Schema: public; Owner: postgres
--

CREATE INDEX django_session_expire_date_a5c62663 ON public.django_session USING btree (expire_date);


--
-- Name: django_session_session_key_c0390e0f_like; Type: INDEX; Schema: public; Owner: postgres
--

CREATE INDEX django_session_session_key_c0390e0f_like ON public.django_session USING btree (session_key varchar_pattern_ops);


--
-- Name: orders_customerid_0232eb1b; Type: INDEX; Schema: public; Owner: postgres
--

CREATE INDEX orders_customerid_0232eb1b ON public.orders USING btree (customerid);


--
-- Name: orders_productid_0ee7fabc; Type: INDEX; Schema: public; Owner: postgres
--

CREATE INDEX orders_productid_0ee7fabc ON public.orders USING btree (productid);


--
-- Name: auth_group_permissions auth_group_permissio_permission_id_84c5c92e_fk_auth_perm; Type: FK CONSTRAINT; Schema: public; Owner: postgres
--

ALTER TABLE ONLY public.auth_group_permissions
    ADD CONSTRAINT auth_group_permissio_permission_id_84c5c92e_fk_auth_perm FOREIGN KEY (permission_id) REFERENCES public.auth_permission(id) DEFERRABLE INITIALLY DEFERRED;


--
-- Name: auth_group_permissions auth_group_permissions_group_id_b120cbf9_fk_auth_group_id; Type: FK CONSTRAINT; Schema: public; Owner: postgres
--

ALTER TABLE ONLY public.auth_group_permissions
    ADD CONSTRAINT auth_group_permissions_group_id_b120cbf9_fk_auth_group_id FOREIGN KEY (group_id) REFERENCES public.auth_group(id) DEFERRABLE INITIALLY DEFERRED;


--
-- Name: auth_permission auth_permission_content_type_id_2f476e4b_fk_django_co; Type: FK CONSTRAINT; Schema: public; Owner: postgres
--

ALTER TABLE ONLY public.auth_permission
    ADD CONSTRAINT auth_permission_content_type_id_2f476e4b_fk_django_co FOREIGN KEY (content_type_id) REFERENCES public.django_content_type(id) DEFERRABLE INITIALLY DEFERRED;


--
-- Name: auth_user_groups auth_user_groups_group_id_97559544_fk_auth_group_id; Type: FK CONSTRAINT; Schema: public; Owner: postgres
--

ALTER TABLE ONLY public.auth_user_groups
    ADD CONSTRAINT auth_user_groups_group_id_97559544_fk_auth_group_id FOREIGN KEY (group_id) REFERENCES public.auth_group(id) DEFERRABLE INITIALLY DEFERRED;


--
-- Name: auth_user_groups auth_user_groups_user_id_6a12ed8b_fk_auth_user_id; Type: FK CONSTRAINT; Schema: public; Owner: postgres
--

ALTER TABLE ONLY public.auth_user_groups
    ADD CONSTRAINT auth_user_groups_user_id_6a12ed8b_fk_auth_user_id FOREIGN KEY (user_id) REFERENCES public.auth_user(id) DEFERRABLE INITIALLY DEFERRED;


--
-- Name: auth_user_user_permissions auth_user_user_permi_permission_id_1fbb5f2c_fk_auth_perm; Type: FK CONSTRAINT; Schema: public; Owner: postgres
--

ALTER TABLE ONLY public.auth_user_user_permissions
    ADD CONSTRAINT auth_user_user_permi_permission_id_1fbb5f2c_fk_auth_perm FOREIGN KEY (permission_id) REFERENCES public.auth_permission(id) DEFERRABLE INITIALLY DEFERRED;


--
-- Name: auth_user_user_permissions auth_user_user_permissions_user_id_a95ead1b_fk_auth_user_id; Type: FK CONSTRAINT; Schema: public; Owner: postgres
--

ALTER TABLE ONLY public.auth_user_user_permissions
    ADD CONSTRAINT auth_user_user_permissions_user_id_a95ead1b_fk_auth_user_id FOREIGN KEY (user_id) REFERENCES public.auth_user(id) DEFERRABLE INITIALLY DEFERRED;


--
-- Name: django_admin_log django_admin_log_content_type_id_c4bce8eb_fk_django_co; Type: FK CONSTRAINT; Schema: public; Owner: postgres
--

ALTER TABLE ONLY public.django_admin_log
    ADD CONSTRAINT django_admin_log_content_type_id_c4bce8eb_fk_django_co FOREIGN KEY (content_type_id) REFERENCES public.django_content_type(id) DEFERRABLE INITIALLY DEFERRED;


--
-- Name: django_admin_log django_admin_log_user_id_c564eba6_fk_auth_user_id; Type: FK CONSTRAINT; Schema: public; Owner: postgres
--

ALTER TABLE ONLY public.django_admin_log
    ADD CONSTRAINT django_admin_log_user_id_c564eba6_fk_auth_user_id FOREIGN KEY (user_id) REFERENCES public.auth_user(id) DEFERRABLE INITIALLY DEFERRED;


--
-- Name: orders orders_customerid_0232eb1b_fk_auth_user_id; Type: FK CONSTRAINT; Schema: public; Owner: postgres
--

ALTER TABLE ONLY public.orders
    ADD CONSTRAINT orders_customerid_0232eb1b_fk_auth_user_id FOREIGN KEY (customerid) REFERENCES public.auth_user(id) DEFERRABLE INITIALLY DEFERRED;


--
-- Name: orders orders_productid_0ee7fabc_fk_products_id; Type: FK CONSTRAINT; Schema: public; Owner: postgres
--

ALTER TABLE ONLY public.orders
    ADD CONSTRAINT orders_productid_0ee7fabc_fk_products_id FOREIGN KEY (productid) REFERENCES public.products(id) DEFERRABLE INITIALLY DEFERRED;


--
-- PostgreSQL database dump complete
--

